{
  "accuracy": 0.825,
  "f1_weighted": 0.822,
  "classification_report": {
    "Account": {
      "precision": 0.8333333333333334,
      "recall": 0.625,
      "f1-score": 0.7142857142857143,
      "support": 8.0
    },
    "Billing": {
      "precision": 0.7777777777777778,
      "recall": 0.875,
      "f1-score": 0.8235294117647058,
      "support": 8.0
    },
    "Cancellation": {
      "precision": 0.75,
      "recall": 0.75,
      "f1-score": 0.75,
      "support": 8.0
    },
    "Shipping": {
      "precision": 1.0,
      "recall": 0.875,
      "f1-score": 0.9333333333333333,
      "support": 8.0
    },
    "Technical Issue": {
      "precision": 0.8,
      "recall": 1.0,
      "f1-score": 0.8888888888888888,
      "support": 8.0
    },
    "accuracy": 0.825,
    "macro avg": {
      "precision": 0.8322222222222223,
      "recall": 0.825,
      "f1-score": 0.8220074696545285,
      "support": 40.0
    },
    "weighted avg": {
      "precision": 0.8322222222222223,
      "recall": 0.825,
      "f1-score": 0.8220074696545285,
      "support": 40.0
    }
  },
  "confusion_matrix": [
    [
      5,
      0,
      1,
      0,
      2
    ],
    [
      0,
      7,
      1,
      0,
      0
    ],
    [
      1,
      1,
      6,
      0,
      0
    ],
    [
      0,
      1,
      0,
      7,
      0
    ],
    [
      0,
      0,
      0,
      0,
      8
    ]
  ],
  "labels": [
    "Account",
    "Billing",
    "Cancellation",
    "Shipping",
    "Technical Issue"
  ],
  "train_size": 160,
  "test_size": 40,
  "num_classes": 5,
  "model_type": "TF-IDF + Logistic Regression",
  "dataset": "Banking77 (HuggingFace)"
}